Point,Mach,Altitude_ft,Density_kg_m3,DynamicPressure_psf,Status
SR-71,3.2,85000,0.03418137431978395,326.9159645960005,public
X-51A,5.1,60000,0.11531811366051452,2727.093434841923,public
X-43A Mach 7,7.0,95000,0.0211867854532323,982.9133571941039,public
X-43A Mach 9.6,9.6,109000,0.010868137456288536,975.5045862031025,public
SR-72 inference,6.0,88000,0.029592044109422747,999.0904372672519,inference near q≈1000 psf
